insulin,n_encounters,readmission_rate
Down,12218,0.5279096415125225
No,47383,0.43697106557204063
Steady,30849,0.45106810593536256
Up,11316,0.5153764581124072
