age,n_encounters,readmission_rate
[0-10),161,0.18012422360248448
[10-20),691,0.38205499276411
[20-30),1657,0.45021122510561257
[30-40),3775,0.4267549668874172
[40-50),9685,0.4445018069179143
[50-60),17256,0.4395572554473806
[60-70),22483,0.4625272428056754
[70-80),26068,0.48120300751879697
[80-90),17197,0.4827004710123859
[90-100),2793,0.4002864303616183
